Log File,A Clock Speed,B Clock Speed,C Clock Speed,A Avg Jump,B Avg Jump,C Avg Jump,A Avg Queue Len,B Avg Queue Len,C Avg Queue Len
Run 1,5,5,3,1.0626959247648904,1.0658307210031348,1.75,0.0,0.003125,0.23316062176165803
Run 1_166,1,6,6,3.15625,1.068241469816273,1.1023622047244095,30.907692307692308,0.007853403141361256,0.02356020942408377
Run 1_custom,1,3,6,3.765625,1.9114583333333333,1.0,15.584615384615384,0.06217616580310881,0.0026109660574412533
Run 1_small,3,2,2,1.0208333333333333,1.4806201550387597,1.5625,0.0,1.1923076923076923,1.2170542635658914
Run 2,4,3,3,1.0234375,1.3489583333333333,1.390625,0.0038910505836575876,0.05699481865284974,0.20725388601036268
Run 3,4,6,4,1.51171875,1.015748031496063,1.5390625,0.10894941634241245,0.007853403141361256,0.13618677042801555
Run 4,5,4,6,1.2319749216300941,1.53125,1.0393700787401574,0.03125,0.08171206225680934,0.0
Run 5,5,1,2,1.0,4.359375,2.390625,0.003125,3.769230769230769,0.14728682170542637
